bw10.jpg,2241401,1
bw6.jpg,1385583,1
bw7.jpg,6985648,1
bw8.jpg,7709112,1
bw85.jpg,2568845,1
bw86.jpg,2500948,1
bw87.jpg,1006743,1
bw89.jpg,2701147,1
bw9.jpg,6065820,1
bw90.jpg,1724857,1
bw91.jpg,2049910,1
bw92.jpg,8693467,1
bw93.jpg,1200789,1
bw94.jpg,6142683,1
bw100.jpg,1781598,2
bw101.jpg,3104704,2
bw13.jpg,2498400,2
bw21.jpg,2239612,2
bw30.jpg,4344946,2
bw32.jpg,4151697,2
bw33.jpg,1841789,2
bw4.jpg,593697,2
bw44.jpg,3159673,2
bw5.jpg,3752848,2
bw55.jpg,1522269,2
bw62.jpg,2897766,2
bw66.jpg,1125467,2
bw70.jpg,12171192,2
bw76.jpg,4682165,2
bw77.jpg,7322559,2
bw78.jpg,10008028,2
bw79.jpg,7776472,2
bw81.jpg,9078186,2
bw82.jpg,4543651,2
bw83.jpg,1122911,2
bw84.jpg,4220312,2
bw88.jpg,3555271,2
bw95.jpg,5404302,2
bw99.jpg,6590132,2
bw1.jpg,1186141,3
bw23.jpg,4013531,3
bw24.jpg,8969716,3
bw37.jpg,4341828,3
bw41.jpg,1252654,3
bw67.jpg,11983346,3
bw80.jpg,793654,3
bw11.jpg,2446490,4
bw15.jpg,5157329,4
bw16.jpg,3050189,4
bw17.jpg,1056360,4
bw18.jpg,1454696,4
bw19.jpg,1650032,4
bw20.jpg,2189209,4
bw51.jpg,2763881,4
bw52.jpg,343457,4
bw53.jpg,3375536,4
bw54.jpg,10263709,4
bw56.jpg,4677798,4
bw57.jpg,994423,4
bw58.jpg,2242944,4
bw59.jpg,1327990,4
bw60.jpg,3422830,4
bw96.jpg,795218,4
bw14.jpg,1917324,6
bw34.jpg,2829632,6
bw35.jpg,3360369,6
bw36.jpg,2239612,6
bw38.jpg,2507361,6
bw39.jpg,1258852,6
bw40.jpg,2566212,6
bw42.jpg,2567243,6
bw43.jpg,1713985,6
bw45.jpg,1451407,6
bw46.jpg,5009546,6
bw47.jpg,3359573,6
bw49.jpg,3687260,6
bw50.jpg,6854604,6
bw12.jpg,10533332,7
bw2.jpg,4736416,7
bw25.jpg,4083075,7
bw26.jpg,3362750,7
bw27.jpg,12500927,7
bw28.jpg,484033,7
bw29.jpg,2766238,7
bw3.jpg,1590686,7
bw31.jpg,2244217,7
bw48.jpg,2766238,7
bw61.jpg,396902,7
bw63.jpg,1083552,7
bw64.jpg,1723283,7
bw65.jpg,1459105,7
bw68.jpg,1062543,7
bw69.jpg,184036,7
bw71.jpg,2576772,7
bw72.jpg,2240325,7
bw73.jpg,4277073,7
bw74.jpg,3487565,7
bw75.jpg,6130626,7
bw97.jpg,230825,7
bw98.jpg,2766238,7
gw50.jpg,3898685,1
gw7.jpg,6190132,1
gw8.jpg,10271151,1
gw9.jpg,934459,1
gw10.jpg,2841140,2
gw100.jpg,4286279,2
gw102.jpg,2322498,2
gw19.jpg,670747,2
gw20.jpg,3181140,2
gw21.jpg,2177055,2
gw36.jpg,425031,2
gw37.jpg,10674387,2
gw38.jpg,2388035,2
gw39.jpg,8572313,2
gw40.jpg,1081964,2
gw41.jpg,475696,2
gw51.jpg,3232551,2
gw52.jpg,1524769,2
gw53.jpg,6579532,2
gw65.jpg,1464112,2
gw69.jpg,1649700,2
gw98.jpg,3056237,2
gw11.jpg,422423,3
gw13.jpg,1916459,3
gw2.jpg,1077594,3
gw23.jpg,1201742,3
gw25.jpg,1743202,3
gw26.jpg,1522717,3
gw27.jpg,2709835,3
gw28.jpg,2114608,3
gw68.jpg,3187038,3
gw79.jpg,741700,3
gw80.jpg,409634,3
gw81.jpg,6075016,3
gw83.jpg,752250,3
gw85.jpg,1677922,3
gw86.jpg,2048300,3
gw89.jpg,7857024,3
gw90.jpg,4492891,3
gw92.jpg,2078314,3
gw94.jpg,1336377,3
gw95.jpg,10599175,3
gw96.jpg,1332806,3
gw1.jpg,3520336,5
gw87.jpg,1932924,5
gw22.jpg,5085019,6
gw3.jpg,379805,6
gw4.jpg,1190184,6
gw42.jpg,2703925,6
gw43.jpg,928553,6
gw44.jpg,3758920,6
gw45.jpg,10721685,6
gw47.jpg,344616,6
gw48.jpg,1285981,6
gw49.jpg,729881,6
gw5.jpg,8175250,6
gw6.jpg,1387556,6
gw88.jpg,636797,6
gw12.jpg,10548637,7
gw14.jpg,374134,7
gw24.jpg,2131323,7
gw35.jpg,3455392,7
gw46.jpg,2118713,7
gw54.jpg,11263310,7
gw55.jpg,503181,7
gw56.jpg,4759697,7
gw57.jpg,11456449,7
gw58.jpg,8842446,7
gw59.jpg,5751381,7
gw60.jpg,9221791,7
gw61.jpg,1649184,7
gw62.jpg,7845011,7
gw63.jpg,1059366,7
gw64.jpg,414275,7
gw67.jpg,2246226,7
gw70.jpg,15330282,7
gw71.jpg,1390366,7
gw72.jpg,7117150,7
gw73.jpg,4748587,7
gw74.jpg,10270120,7
gw75.jpg,1585718,7
gw76.jpg,1026426,7
gw77.jpg,6658704,7
gw82.jpg,5748562,7
gw84.jpg,1011259,7
gw91.jpg,155702,7
gw93.jpg,4041844,7
gw99.jpg,1536090,7
ow10.jpg,15098649,1
ow16.jpg,15090980,1
ow40.jpg,15504239,1
ow70.jpg,13852682,1
ow71.jpg,15758126,1
ow72.jpg,16152331,1
ow23.jpg,12066839,2
ow35.jpg,12397600,2
ow45.jpg,14832431,2
ow66.jpg,16278569,2
ow67.jpg,13312288,2
ow73.jpg,14574661,2
ow75.jpg,15890279,2
ow76.jpg,14895145,2
ow78.jpg,14241822,2
ow79.jpg,15883078,2
ow80.jpg,16408075,2
ow87.jpg,14634540,2
ow88.jpg,16537125,2
ow96.jpg,15619618,2
ow101.jpg,16477236,3
ow15.jpg,14978901,3
ow17.jpg,14240308,3
ow18.jpg,10305829,3
ow19.jpg,14382413,3
ow20.jpg,13915186,3
ow21.jpg,12016191,3
ow22.jpg,13847089,3
ow32.jpg,11682100,3
ow33.jpg,11493193,3
ow34.jpg,13646388,3
ow44.jpg,13648947,3
ow46.jpg,14571829,3
ow47.jpg,13125431,3
ow53.jpg,12619880,3
ow56.jpg,13584178,3
ow59.jpg,15489861,3
ow61.jpg,15955799,3
ow62.jpg,13250861,3
ow63.jpg,16409644,3
ow74.jpg,15563547,3
ow90.jpg,16471328,3
ow94.jpg,16324612,3
ow97.jpg,16535357,3
ow98.jpg,16472362,3
ow48.jpg,12792878,4
ow52.jpg,13002052,4
ow54.jpg,14238012,4
ow55.jpg,14173771,4
ow57.jpg,15230041,4
ow58.jpg,13844043,4
ow60.jpg,14639428,4
ow99.jpg,16407867,4
ow30.jpg,14758697,5
ow31.jpg,13452345,6
ow36.jpg,12476725,6
ow37.jpg,11535389,6
ow41.jpg,14106655,6
ow42.jpg,14448234,6
ow43.jpg,14991527,6
ow68.jpg,16274438,6
ow69.jpg,15420717,6
ow77.jpg,16079666,6
ow81.jpg,15100972,6
ow82.jpg,15490581,6
ow83.jpg,16347215,6
ow84.jpg,16415320,6
ow85.jpg,15625812,6
ow86.jpg,16287569,6
ow91.jpg,13841957,6
ow1.jpg,14178132,7
ow100.jpg,16409414,7
ow11.jpg,11819084,7
ow12.jpg,14170938,7
ow13.jpg,14911587,7
ow14.jpg,16482922,7
ow2.jpg,15567734,7
ow24.jpg,13066806,7
ow25.jpg,15097406,7
ow26.jpg,13513545,7
ow27.jpg,13190203,7
ow28.jpg,10050630,7
ow29.jpg,12546907,7
ow3.jpg,14835503,7
ow38.jpg,14835533,7
ow39.jpg,12854832,7
ow4.jpg,14047294,7
ow49.jpg,13141113,7
ow5.jpg,14439489,7
ow50.jpg,15297114,7
ow51.jpg,14774103,7
ow6.jpg,15038299,7
ow64.jpg,16017713,7
ow65.jpg,16551766,7
ow7.jpg,14566700,7
ow8.jpg,14704188,7
ow89.jpg,16419397,7
ow9.jpg,14370605,7
ow92.jpg,16540474,7
ow93.jpg,16414271,7
ow95.jpg,16610308,7
rw10.jpg,9836838,1
rw16.jpg,8921643,1
rw6.jpg,9312542,1
rw7.jpg,12666704,1
rw70.jpg,7612458,1
rw72.jpg,13840949,1
rw73.jpg,9051944,1
rw74.jpg,7673894,1
rw75.jpg,12130096,1
rw76.jpg,14290962,1
rw77.jpg,9773349,1
rw78.jpg,13179437,1
rw79.jpg,14178382,1
rw8.jpg,11476508,1
rw80.jpg,4067608,1
rw88.jpg,9376798,1
rw89.jpg,9507360,1
rw9.jpg,15746121,1
rw90.jpg,11935523,1
rw91.jpg,5771275,1
rw92.jpg,11673393,1
rw94.jpg,12663879,1
rw1.jpg,10830401,2
rw17.jpg,12190742,2
rw18.jpg,8461085,2
rw38.jpg,5985113,2
rw4.jpg,4787214,2
rw48.jpg,13177885,2
rw5.jpg,8654873,2
rw64.jpg,10622513,2
rw65.jpg,10820641,2
rw66.jpg,11280690,2
rw67.jpg,13313048,2
rw68.jpg,10555170,2
rw69.jpg,15609670,2
rw95.jpg,12786727,2
rw96.jpg,13176616,2
rw97.jpg,10029331,2
rw98.jpg,13438758,2
rw2.jpg,13830407,3
rw26.jpg,13873316,3
rw27.jpg,5048341,3
rw49.jpg,11997728,3
rw60.jpg,10492446,3
rw61.jpg,7151656,3
rw62.jpg,2361884,3
rw86.jpg,12059414,3
rw87.jpg,12592440,3
rw22.jpg,15476270,4
rw23.jpg,12526130,4
rw24.jpg,5059140,4
rw34.jpg,11077408,4
rw35.jpg,11212587,4
rw36.jpg,11338762,4
rw37.jpg,5508373,4
rw39.jpg,11380906,4
rw40.jpg,13452359,4
rw41.jpg,9113375,4
rw42.jpg,13177887,4
rw43.jpg,13115434,4
rw44.jpg,7281692,4
rw45.jpg,11993613,4
rw46.jpg,13835578,4
rw47.jpg,11672607,4
rw11.jpg,11535386,5
rw12.jpg,14822195,5
rw13.jpg,13241102,5
rw81.jpg,12457252,5
rw14.jpg,4986913,6
rw19.jpg,11602977,6
rw20.jpg,9773100,6
rw21.jpg,11471629,6
rw31.jpg,15871549,6
rw32.jpg,6164766,6
rw33.jpg,14364207,6
rw84.jpg,10168620,6
rw100.jpg,15308454,7
rw101.jpg,5973298,7
rw15.jpg,14685442,7
rw25.jpg,15936806,7
rw28.jpg,11612729,7
rw29.jpg,11797519,7
rw3.jpg,11408421,7
rw30.jpg,12524857,7
rw50.jpg,15743020,7
rw51.jpg,5969950,7
rw52.jpg,5449520,7
rw53.jpg,14162467,7
rw54.jpg,13122372,7
rw55.jpg,12919079,7
rw56.jpg,11157831,7
rw57.jpg,11346959,7
rw58.jpg,7806239,7
rw59.jpg,11013648,7
rw63.jpg,9831705,7
rw71.jpg,16480380,7
rw82.jpg,14562871,7
rw83.jpg,16057384,7
rw85.jpg,15347771,7
rw93.jpg,3806997,7
rw99.jpg,11872065,7
vw26.jpg,4331079,1
vw36.jpg,6626155,1
vw38.jpg,7283852,1
vw64.jpg,4334942,1
vw65.jpg,3874113,1
vw66.jpg,10902179,1
vw67.jpg,12631745,1
vw68.jpg,4463182,1
vw1.jpg,4006994,2
vw14.jpg,9180486,2
vw16.jpg,15126734,2
vw17.jpg,12426914,2
vw20.jpg,8922975,2
vw33.jpg,8664951,2
vw34.jpg,4798064,2
vw43.jpg,11575764,2
vw44.jpg,6762578,2
vw45.jpg,7014958,2
vw46.jpg,9192287,2
vw47.jpg,4534403,2
vw48.jpg,4526688,2
vw49.jpg,5719671,2
vw5.jpg,5975864,2
vw54.jpg,6375833,2
vw57.jpg,4337477,2
vw58.jpg,2694708,2
vw59.jpg,5852316,2
vw78.jpg,5258919,2
vw12.jpg,6823721,3
vw15.jpg,11678310,3
vw18.jpg,4727364,3
vw2.jpg,14401460,3
vw21.jpg,13476060,3
vw22.jpg,10821727,3
vw25.jpg,5577257,3
vw3.jpg,5450586,3
vw31.jpg,5058114,3
vw6.jpg,3415847,3
vw62.jpg,5455988,3
vw63.jpg,11890343,3
vw69.jpg,4989242,3
vw7.jpg,4923946,3
vw70.jpg,3679071,3
vw71.jpg,5778825,3
vw72.jpg,3416658,3
vw10.jpg,12332681,4
vw13.jpg,6038575,4
vw19.jpg,10430053,4
vw23.jpg,11216541,4
vw24.jpg,5778263,4
vw35.jpg,4073276,4
vw39.jpg,12560871,4
vw40.jpg,10684570,4
vw41.jpg,8994205,4
vw42.jpg,4797034,4
vw60.jpg,7158143,4
vw61.jpg,6100846,4
vw77.jpg,4915806,4
vw79.jpg,4993376,4
vw8.jpg,5056044,4
vw76.jpg,4799905,5
vw80.jpg,7549833,5
vw81.jpg,11369654,5
vw82.jpg,8267114,5
vw32.jpg,5584760,6
vw4.jpg,5517623,6
vw52.jpg,6040462,6
vw55.jpg,11104984,6
vw56.jpg,5971321,6
vw73.jpg,3936038,6
vw74.jpg,4338253,6
vw75.jpg,3413061,6
vw83.jpg,11622486,6
vw84.jpg,12696515,6
vw85.jpg,13617615,6
vw86.jpg,6563888,6
vw87.jpg,5968169,6
vw88.jpg,3939871,6
vw89.jpg,7219526,6
vw90.jpg,3936038,6
vw91.jpg,5905236,6
vw100.jpg,12417903,7
vw101.jpg,5253177,7
vw102.jpg,5250853,7
vw11.jpg,12860818,7
vw27.jpg,5321577,7
vw28.jpg,6433385,7
vw29.jpg,5652365,7
vw30.jpg,9583505,7
vw37.jpg,7365035,7
vw50.jpg,4531834,7
vw51.jpg,5708640,7
vw53.jpg,5056622,7
vw9.jpg,12101042,7
vw92.jpg,9854566,7
vw93.jpg,5972265,7
vw94.jpg,5185064,7
vw95.jpg,8140603,7
vw96.jpg,9523783,7
vw97.jpg,10696783,7
vw98.jpg,5387320,7
vw99.jpg,5584957,7
yw100.jpg,16431924,1
yw40.jpg,14858777,1
yw39.jpg,14923830,2
yw41.jpg,15385182,2
yw42.jpg,14529348,2
yw43.jpg,13809542,2
yw44.jpg,14530110,2
yw45.jpg,15981154,2
yw46.jpg,15128757,2
yw47.jpg,16050794,2
yw48.jpg,14398551,2
yw49.jpg,15525538,3
yw50.jpg,16249973,3
yw51.jpg,15197564,3
yw52.jpg,11505275,3
yw53.jpg,15261650,3
yw54.jpg,15654461,3
yw55.jpg,14667410,3
yw56.jpg,14799206,3
yw57.jpg,15458706,3
yw58.jpg,16049508,3
yw59.jpg,15917469,3
yw60.jpg,16177548,3
yw61.jpg,14205529,3
yw62.jpg,14329139,3
yw63.jpg,13946020,3
yw64.jpg,15127912,3
yw65.jpg,16113564,3
yw66.jpg,13078550,3
yw67.jpg,16301130,3
yw68.jpg,15050814,3
yw69.jpg,15654231,3
yw70.jpg,15326065,3
yw71.jpg,15787391,3
yw72.jpg,13617766,3
yw73.jpg,15854783,3
yw74.jpg,14933425,4
yw75.jpg,14993986,4
yw76.jpg,15321451,4
yw77.jpg,15505932,4
yw78.jpg,16044548,4
yw79.jpg,15902791,4
yw80.jpg,14524496,4
yw81.jpg,15195723,4
yw82.jpg,15587737,4
yw83.jpg,15847944,4
yw84.jpg,15191952,4
yw85.jpg,14857248,4
yw86.jpg,14328652,4
yw87.jpg,15382029,4
yw88.jpg,16241506,4
yw89.jpg,16235275,4
yw90.jpg,16444078,4
yw91.jpg,13744739,4
yw92.jpg,16508264,4
yw93.jpg,15066298,4
yw1.jpg,16308012,5
yw2.jpg,15714398,5
yw3.jpg,16249465,5
yw4.jpg,15921019,5
yw94.jpg,13021013,5
yw95.jpg,15521929,5
yw96.jpg,14141773,5
yw97.jpg,16439384,5
yw98.jpg,15787341,5
yw99.jpg,15319114,5
yw10.jpg,16369996,6
yw11.jpg,15513928,6
yw12.jpg,13026245,6
yw13.jpg,13876289,6
yw14.jpg,14338919,6
yw15.jpg,15130408,6
yw16.jpg,15853457,6
yw17.jpg,14006045,6
yw18.jpg,15986781,6
yw19.jpg,14934139,6
yw5.jpg,15458674,6
yw6.jpg,15065975,6
yw7.jpg,13026243,6
yw8.jpg,13473861,6
yw9.jpg,14064646,6
yw20.jpg,15459957,7
yw21.jpg,14337860,7
yw22.jpg,15064469,7
yw23.jpg,15987808,7
yw24.jpg,13150024,7
yw25.jpg,16048505,7
yw26.jpg,14924089,7
yw27.jpg,15059272,7
yw28.jpg,15721100,7
yw29.jpg,15654781,7
yw30.jpg,13935116,7
yw31.jpg,16369476,7
yw32.jpg,15727496,7
yw33.jpg,15659362,7
yw34.jpg,15657607,7
yw35.jpg,15723981,7
yw36.jpg,15458377,7
yw37.jpg,16052590,7
yw38.jpg,15918950,7
