rm14.jpg,11806002,1
rm15.jpg,9309213,1
rm16.jpg,14093597,1
rm17.jpg,8718111,1
rm18.jpg,8851734,1
rm19.jpg,10162974,1
rm20.jpg,13515324,1
rm21.jpg,14104371,1
rm22.jpg,11288898,1
rm23.jpg,13507376,1
rm24.jpg,10489621,1
rm34.jpg,10627368,1
rm35.jpg,14027794,1
rm78.jpg,15012146,1
rm79.jpg,13372703,1
rm80.jpg,10751784,1
rm82.jpg,11609639,1
rm95.jpg,14748971,1
rm26.jpg,13114676,2
rm56.jpg,12533325,2
rm57.jpg,12525862,2
rm58.jpg,11408157,2
rm60.jpg,11513008,2
rm61.jpg,9836568,2
rm62.jpg,12134441,2
rm63.jpg,12663365,2
rm64.jpg,10815260,2
rm65.jpg,14162469,2
rm66.jpg,10590880,2
rm67.jpg,10164773,2
rm68.jpg,10029585,2
rm69.jpg,12196895,2
rm71.jpg,10621709,2
bm40.jpg,11311230,2
bm54.jpg,10856622,2
bm96.jpg,10461605,2
bm97.jpg,11521763,2
gm39.jpg,9616750,1
gm5.jpg,11706526,1
gm47.jpg,8951183,2
om29.jpg,12998197,2
om3.jpg,15824690,2
om30.jpg,13451307,2
om31.jpg,15749166,2
om32.jpg,11750176,2
om34.jpg,15353127,2
om35.jpg,12172224,2
om36.jpg,12204816,2
om37.jpg,9908234,2
om38.jpg,15257806,2
om39.jpg,16009488,2
om40.jpg,13647875,2
om41.jpg,16468002,2
om43.jpg,15838062,2
om46.jpg,14915457,2
om47.jpg,15426109,2
om5.jpg,15555366,2
om6.jpg,16214790,2
om9.jpg,15969133,2
om91.jpg,15436587,2
om92.jpg,14046505,2
om93.jpg,15828570,2
om95.jpg,16477769,2
om96.jpg,15427128,2
om98.jpg,15257807,2
vm17.jpg,14472135,1
vm51.jpg,16579836,2
vm55.jpg,15197667,2
vm65.jpg,8737992,2
vm8.jpg,11047126,2
ym100.jpg,14655031,1
ym15.jpg,13935429,1
ym16.jpg,15053408,1
ym19.jpg,15188779,1
ym25.jpg,15916337,1
ym26.jpg,13472317,1
ym27.jpg,14341746,1
ym28.jpg,11172135,1
ym29.jpg,13014083,1
ym3.jpg,15050019,1
ym5.jpg,14659886,1
ym65.jpg,15455506,1
ym66.jpg,16038745,1
ym67.jpg,11314435,1
ym68.jpg,16501319,1
ym69.jpg,14140989,1
ym7.jpg,15188267,1
ym70.jpg,16376616,1
ym71.jpg,14785608,1
ym73.jpg,14736224,1
ym74.jpg,15848988,1
ym75.jpg,13336590,1
ym76.jpg,16567557,1
ym77.jpg,13346347,1
ym78.jpg,15968270,1
ym79.jpg,16711163,1
ym80.jpg,15054195,1
ym81.jpg,13935396,1
ym82.jpg,12164635,1
ym9.jpg,16041240,1
ym91.jpg,9463051,1
ym96.jpg,16170071,1
ym97.jpg,14011236,1
ym98.jpg,12432452,1
ym99.jpg,15580969,1
ym1.jpg,13746544,2
ym10.jpg,14658367,2
ym30.jpg,13879142,2
ym51.jpg,15789145,2
ym52.jpg,14469953,2
ym53.jpg,14126611,2
ym54.jpg,14206517,2
ym55.jpg,15324685,2
ym56.jpg,16645627,2
ym57.jpg,15057984,2
ym90.jpg,13678423,2
ym95.jpg,14136408,2
