bw92.jpg,8693467,1
bw70.jpg,12171192,2
bw78.jpg,10008028,2
bw81.jpg,9078186,2
bw24.jpg,8969716,3
gw8.jpg,10271151,1
gw37.jpg,10674387,2
gw39.jpg,8572313,2
ow10.jpg,15098649,1
ow16.jpg,15090980,1
ow40.jpg,15504239,1
ow70.jpg,13852682,1
ow71.jpg,15758126,1
ow72.jpg,16152331,1
ow23.jpg,12066839,2
ow35.jpg,12397600,2
ow45.jpg,14832431,2
ow66.jpg,16278569,2
ow67.jpg,13312288,2
ow73.jpg,14574661,2
ow75.jpg,15890279,2
ow76.jpg,14895145,2
ow78.jpg,14241822,2
ow79.jpg,15883078,2
ow80.jpg,16408075,2
ow87.jpg,14634540,2
ow88.jpg,16537125,2
ow96.jpg,15619618,2
rw10.jpg,9836838,1
rw16.jpg,8921643,1
rw6.jpg,9312542,1
rw7.jpg,12666704,1
rw72.jpg,13840949,1
rw73.jpg,9051944,1
rw75.jpg,12130096,1
rw76.jpg,14290962,1
rw77.jpg,9773349,1
rw78.jpg,13179437,1
rw79.jpg,14178382,1
rw8.jpg,11476508,1
rw88.jpg,9376798,1
rw89.jpg,9507360,1
rw9.jpg,15746121,1
rw90.jpg,11935523,1
rw92.jpg,11673393,1
rw94.jpg,12663879,1
rw1.jpg,10830401,2
rw17.jpg,12190742,2
rw18.jpg,8461085,2
rw48.jpg,13177885,2
rw5.jpg,8654873,2
rw64.jpg,10622513,2
rw65.jpg,10820641,2
rw66.jpg,11280690,2
rw67.jpg,13313048,2
rw68.jpg,10555170,2
rw69.jpg,15609670,2
rw95.jpg,12786727,2
rw96.jpg,13176616,2
rw97.jpg,10029331,2
rw98.jpg,13438758,2
vw66.jpg,10902179,1
vw67.jpg,12631745,1
vw14.jpg,9180486,2
vw16.jpg,15126734,2
vw17.jpg,12426914,2
vw20.jpg,8922975,2
vw33.jpg,8664951,2
vw43.jpg,11575764,2
vw46.jpg,9192287,2
yw100.jpg,16431924,1
yw40.jpg,14858777,1
yw39.jpg,14923830,2
yw41.jpg,15385182,2
yw42.jpg,14529348,2
yw43.jpg,13809542,2
yw44.jpg,14530110,2
yw45.jpg,15981154,2
yw46.jpg,15128757,2
yw47.jpg,16050794,2
yw48.jpg,14398551,2
