bw67.jpg,11983346,3
bw54.jpg,10263709,4
ow101.jpg,16477236,3
ow15.jpg,14978901,3
ow17.jpg,14240308,3
ow19.jpg,14382413,3
ow20.jpg,13915186,3
ow21.jpg,12016191,3
ow22.jpg,13847089,3
ow32.jpg,11682100,3
ow33.jpg,11493193,3
ow34.jpg,13646388,3
ow44.jpg,13648947,3
ow46.jpg,14571829,3
ow47.jpg,13125431,3
ow53.jpg,12619880,3
ow56.jpg,13584178,3
ow59.jpg,15489861,3
ow61.jpg,15955799,3
ow62.jpg,13250861,3
ow63.jpg,16409644,3
ow74.jpg,15563547,3
ow90.jpg,16471328,3
ow94.jpg,16324612,3
ow97.jpg,16535357,3
ow98.jpg,16472362,3
ow48.jpg,12792878,4
ow52.jpg,13002052,4
ow54.jpg,14238012,4
ow55.jpg,14173771,4
ow57.jpg,15230041,4
ow58.jpg,13844043,4
ow60.jpg,14639428,4
ow99.jpg,16407867,4
ow30.jpg,14758697,5
rw2.jpg,13830407,3
rw26.jpg,13873316,3
rw49.jpg,11997728,3
rw86.jpg,12059414,3
rw87.jpg,12592440,3
rw22.jpg,15476270,4
rw23.jpg,12526130,4
rw34.jpg,11077408,4
rw35.jpg,11212587,4
rw36.jpg,11338762,4
rw39.jpg,11380906,4
rw40.jpg,13452359,4
rw41.jpg,9113375,4
rw42.jpg,13177887,4
rw43.jpg,13115434,4
rw45.jpg,11993613,4
rw46.jpg,13835578,4
rw47.jpg,11672607,4
rw11.jpg,11535386,5
rw12.jpg,14822195,5
rw13.jpg,13241102,5
rw81.jpg,12457252,5
vw15.jpg,11678310,3
vw2.jpg,14401460,3
vw21.jpg,13476060,3
vw22.jpg,10821727,3
vw63.jpg,11890343,3
vw10.jpg,12332681,4
vw19.jpg,10430053,4
vw23.jpg,11216541,4
vw39.jpg,12560871,4
vw40.jpg,10684570,4
vw41.jpg,8994205,4
vw81.jpg,11369654,5
yw49.jpg,15525538,3
yw50.jpg,16249973,3
yw51.jpg,15197564,3
yw52.jpg,11505275,3
yw53.jpg,15261650,3
yw54.jpg,15654461,3
yw55.jpg,14667410,3
yw56.jpg,14799206,3
yw57.jpg,15458706,3
yw58.jpg,16049508,3
yw59.jpg,15917469,3
yw60.jpg,16177548,3
yw61.jpg,14205529,3
yw62.jpg,14329139,3
yw63.jpg,13946020,3
yw64.jpg,15127912,3
yw65.jpg,16113564,3
yw66.jpg,13078550,3
yw67.jpg,16301130,3
yw68.jpg,15050814,3
yw69.jpg,15654231,3
yw70.jpg,15326065,3
yw71.jpg,15787391,3
yw72.jpg,13617766,3
yw73.jpg,15854783,3
yw74.jpg,14933425,4
yw75.jpg,14993986,4
yw76.jpg,15321451,4
yw77.jpg,15505932,4
yw78.jpg,16044548,4
yw79.jpg,15902791,4
yw80.jpg,14524496,4
yw81.jpg,15195723,4
yw82.jpg,15587737,4
yw83.jpg,15847944,4
yw84.jpg,15191952,4
yw85.jpg,14857248,4
yw86.jpg,14328652,4
yw87.jpg,15382029,4
yw88.jpg,16241506,4
yw89.jpg,16235275,4
yw90.jpg,16444078,4
yw91.jpg,13744739,4
yw92.jpg,16508264,4
yw93.jpg,15066298,4
yw1.jpg,16308012,5
yw2.jpg,15714398,5
yw3.jpg,16249465,5
yw4.jpg,15921019,5
yw94.jpg,13021013,5
yw95.jpg,15521929,5
yw96.jpg,14141773,5
yw97.jpg,16439384,5
yw98.jpg,15787341,5
yw99.jpg,15319114,5
